threshold_pct,total_breakouts,wins,win_rate,avg_return,median_return,min_return,max_return,std_return
3.0,109,60,55.04587155963303,9.459251995027586,2.2534382856261055,-47.20162880734418,123.0718387868651,27.20223048373732
4.0,49,27,55.10204081632652,9.59138332487165,1.8752577742148362,-47.20162880734418,83.73534280137802,27.924015914512026
5.0,25,18,72.0,17.511347641530833,16.242035696607847,-21.73115043205338,83.73534280137802,27.51217997535035
6.0,11,9,81.81818181818183,24.180390664418386,19.709724905082854,-21.73115043205338,83.73534280137802,31.55378548328126
7.0,6,4,66.66666666666666,27.529301781746792,21.952464508677423,-21.73115043205338,83.73534280137802,43.0707110296328
